PRAGMA foreign_keys=OFF;
BEGIN TRANSACTION;
CREATE TABLE IF NOT EXISTS "django_migrations" ("id" integer NOT NULL PRIMARY KEY AUTOINCREMENT, "app" varchar(255) NOT NULL, "name" varchar(255) NOT NULL, "applied" datetime NOT NULL);
INSERT INTO django_migrations VALUES(1,'contenttypes','0001_initial','2023-10-04 07:37:44.019928');
INSERT INTO django_migrations VALUES(2,'auth','0001_initial','2023-10-04 07:37:44.151338');
INSERT INTO django_migrations VALUES(3,'admin','0001_initial','2023-10-04 07:37:44.305588');
INSERT INTO django_migrations VALUES(4,'admin','0002_logentry_remove_auto_add','2023-10-04 07:37:44.443127');
INSERT INTO django_migrations VALUES(5,'admin','0003_logentry_add_action_flag_choices','2023-10-04 07:37:44.550926');
INSERT INTO django_migrations VALUES(6,'contenttypes','0002_remove_content_type_name','2023-10-04 07:37:44.637179');
INSERT INTO django_migrations VALUES(7,'auth','0002_alter_permission_name_max_length','2023-10-04 07:37:44.724874');
INSERT INTO django_migrations VALUES(8,'auth','0003_alter_user_email_max_length','2023-10-04 07:37:44.821623');
INSERT INTO django_migrations VALUES(9,'auth','0004_alter_user_username_opts','2023-10-04 07:37:44.945179');
INSERT INTO django_migrations VALUES(10,'auth','0005_alter_user_last_login_null','2023-10-04 07:37:45.036879');
INSERT INTO django_migrations VALUES(11,'auth','0006_require_contenttypes_0002','2023-10-04 07:37:45.116058');
INSERT INTO django_migrations VALUES(12,'auth','0007_alter_validators_add_error_messages','2023-10-04 07:37:45.209061');
INSERT INTO django_migrations VALUES(13,'auth','0008_alter_user_username_max_length','2023-10-04 07:37:45.322852');
INSERT INTO django_migrations VALUES(14,'auth','0009_alter_user_last_name_max_length','2023-10-04 07:37:45.413043');
INSERT INTO django_migrations VALUES(15,'auth','0010_alter_group_name_max_length','2023-10-04 07:37:45.518012');
INSERT INTO django_migrations VALUES(16,'auth','0011_update_proxy_permissions','2023-10-04 07:37:45.604837');
INSERT INTO django_migrations VALUES(17,'customers','0001_initial','2023-10-04 07:37:45.664954');
INSERT INTO django_migrations VALUES(18,'orders','0001_initial','2023-10-04 07:37:45.751920');
INSERT INTO django_migrations VALUES(19,'robots','0001_initial','2023-10-04 07:37:45.844896');
INSERT INTO django_migrations VALUES(20,'sessions','0001_initial','2023-10-04 07:37:45.933812');
CREATE TABLE IF NOT EXISTS "auth_group_permissions" ("id" integer NOT NULL PRIMARY KEY AUTOINCREMENT, "group_id" integer NOT NULL REFERENCES "auth_group" ("id") DEFERRABLE INITIALLY DEFERRED, "permission_id" integer NOT NULL REFERENCES "auth_permission" ("id") DEFERRABLE INITIALLY DEFERRED);
CREATE TABLE IF NOT EXISTS "auth_user_groups" ("id" integer NOT NULL PRIMARY KEY AUTOINCREMENT, "user_id" integer NOT NULL REFERENCES "auth_user" ("id") DEFERRABLE INITIALLY DEFERRED, "group_id" integer NOT NULL REFERENCES "auth_group" ("id") DEFERRABLE INITIALLY DEFERRED);
CREATE TABLE IF NOT EXISTS "auth_user_user_permissions" ("id" integer NOT NULL PRIMARY KEY AUTOINCREMENT, "user_id" integer NOT NULL REFERENCES "auth_user" ("id") DEFERRABLE INITIALLY DEFERRED, "permission_id" integer NOT NULL REFERENCES "auth_permission" ("id") DEFERRABLE INITIALLY DEFERRED);
INSERT INTO auth_user_user_permissions VALUES(1,2,1);
INSERT INTO auth_user_user_permissions VALUES(2,2,2);
INSERT INTO auth_user_user_permissions VALUES(3,2,3);
INSERT INTO auth_user_user_permissions VALUES(4,2,4);
INSERT INTO auth_user_user_permissions VALUES(5,2,5);
INSERT INTO auth_user_user_permissions VALUES(6,2,6);
INSERT INTO auth_user_user_permissions VALUES(7,2,7);
INSERT INTO auth_user_user_permissions VALUES(8,2,8);
INSERT INTO auth_user_user_permissions VALUES(9,2,9);
INSERT INTO auth_user_user_permissions VALUES(10,2,10);
INSERT INTO auth_user_user_permissions VALUES(11,2,11);
INSERT INTO auth_user_user_permissions VALUES(12,2,12);
INSERT INTO auth_user_user_permissions VALUES(13,2,13);
INSERT INTO auth_user_user_permissions VALUES(14,2,14);
INSERT INTO auth_user_user_permissions VALUES(15,2,15);
INSERT INTO auth_user_user_permissions VALUES(16,2,16);
INSERT INTO auth_user_user_permissions VALUES(17,2,17);
INSERT INTO auth_user_user_permissions VALUES(18,2,18);
INSERT INTO auth_user_user_permissions VALUES(19,2,19);
INSERT INTO auth_user_user_permissions VALUES(20,2,20);
INSERT INTO auth_user_user_permissions VALUES(21,2,21);
INSERT INTO auth_user_user_permissions VALUES(22,2,22);
INSERT INTO auth_user_user_permissions VALUES(23,2,23);
INSERT INTO auth_user_user_permissions VALUES(24,2,24);
INSERT INTO auth_user_user_permissions VALUES(25,2,25);
INSERT INTO auth_user_user_permissions VALUES(26,2,26);
INSERT INTO auth_user_user_permissions VALUES(27,2,27);
INSERT INTO auth_user_user_permissions VALUES(28,2,28);
INSERT INTO auth_user_user_permissions VALUES(29,2,29);
INSERT INTO auth_user_user_permissions VALUES(30,2,30);
INSERT INTO auth_user_user_permissions VALUES(31,2,31);
INSERT INTO auth_user_user_permissions VALUES(32,2,32);
INSERT INTO auth_user_user_permissions VALUES(33,2,33);
INSERT INTO auth_user_user_permissions VALUES(34,2,34);
INSERT INTO auth_user_user_permissions VALUES(35,2,35);
INSERT INTO auth_user_user_permissions VALUES(36,2,36);
CREATE TABLE IF NOT EXISTS "django_admin_log" ("id" integer NOT NULL PRIMARY KEY AUTOINCREMENT, "action_time" datetime NOT NULL, "object_id" text NULL, "object_repr" varchar(200) NOT NULL, "change_message" text NOT NULL, "content_type_id" integer NULL REFERENCES "django_content_type" ("id") DEFERRABLE INITIALLY DEFERRED, "user_id" integer NOT NULL REFERENCES "auth_user" ("id") DEFERRABLE INITIALLY DEFERRED, "action_flag" smallint unsigned NOT NULL CHECK ("action_flag" >= 0));
INSERT INTO django_admin_log VALUES(1,'2023-10-04 09:06:35.522079','2','director','[{"added": {}}]',4,1,1);
INSERT INTO django_admin_log VALUES(2,'2023-10-04 09:06:54.432453','2','director','[{"changed": {"fields": ["Staff status", "Superuser status", "User permissions"]}}]',4,1,2);
INSERT INTO django_admin_log VALUES(3,'2023-10-04 09:07:13.815764','2','director','[]',4,1,2);
INSERT INTO django_admin_log VALUES(4,'2023-10-04 09:28:35.306215','1','Customer object (1)','[{"added": {}}]',7,1,1);
INSERT INTO django_admin_log VALUES(5,'2023-10-04 09:28:39.591075','2','Customer object (2)','[{"added": {}}]',7,1,1);
INSERT INTO django_admin_log VALUES(6,'2023-10-04 09:28:54.930901','1','Order object (1)','[{"added": {}}]',8,1,1);
INSERT INTO django_admin_log VALUES(7,'2023-10-04 09:29:06.079715','2','Order object (2)','[{"added": {}}]',8,1,1);
CREATE TABLE IF NOT EXISTS "django_content_type" ("id" integer NOT NULL PRIMARY KEY AUTOINCREMENT, "app_label" varchar(100) NOT NULL, "model" varchar(100) NOT NULL);
INSERT INTO django_content_type VALUES(1,'admin','logentry');
INSERT INTO django_content_type VALUES(2,'auth','permission');
INSERT INTO django_content_type VALUES(3,'auth','group');
INSERT INTO django_content_type VALUES(4,'auth','user');
INSERT INTO django_content_type VALUES(5,'contenttypes','contenttype');
INSERT INTO django_content_type VALUES(6,'sessions','session');
INSERT INTO django_content_type VALUES(7,'customers','customer');
INSERT INTO django_content_type VALUES(8,'orders','order');
INSERT INTO django_content_type VALUES(9,'robots','robot');
CREATE TABLE IF NOT EXISTS "auth_permission" ("id" integer NOT NULL PRIMARY KEY AUTOINCREMENT, "content_type_id" integer NOT NULL REFERENCES "django_content_type" ("id") DEFERRABLE INITIALLY DEFERRED, "codename" varchar(100) NOT NULL, "name" varchar(255) NOT NULL);
INSERT INTO auth_permission VALUES(1,1,'add_logentry','Can add log entry');
INSERT INTO auth_permission VALUES(2,1,'change_logentry','Can change log entry');
INSERT INTO auth_permission VALUES(3,1,'delete_logentry','Can delete log entry');
INSERT INTO auth_permission VALUES(4,1,'view_logentry','Can view log entry');
INSERT INTO auth_permission VALUES(5,2,'add_permission','Can add permission');
INSERT INTO auth_permission VALUES(6,2,'change_permission','Can change permission');
INSERT INTO auth_permission VALUES(7,2,'delete_permission','Can delete permission');
INSERT INTO auth_permission VALUES(8,2,'view_permission','Can view permission');
INSERT INTO auth_permission VALUES(9,3,'add_group','Can add group');
INSERT INTO auth_permission VALUES(10,3,'change_group','Can change group');
INSERT INTO auth_permission VALUES(11,3,'delete_group','Can delete group');
INSERT INTO auth_permission VALUES(12,3,'view_group','Can view group');
INSERT INTO auth_permission VALUES(13,4,'add_user','Can add user');
INSERT INTO auth_permission VALUES(14,4,'change_user','Can change user');
INSERT INTO auth_permission VALUES(15,4,'delete_user','Can delete user');
INSERT INTO auth_permission VALUES(16,4,'view_user','Can view user');
INSERT INTO auth_permission VALUES(17,5,'add_contenttype','Can add content type');
INSERT INTO auth_permission VALUES(18,5,'change_contenttype','Can change content type');
INSERT INTO auth_permission VALUES(19,5,'delete_contenttype','Can delete content type');
INSERT INTO auth_permission VALUES(20,5,'view_contenttype','Can view content type');
INSERT INTO auth_permission VALUES(21,6,'add_session','Can add session');
INSERT INTO auth_permission VALUES(22,6,'change_session','Can change session');
INSERT INTO auth_permission VALUES(23,6,'delete_session','Can delete session');
INSERT INTO auth_permission VALUES(24,6,'view_session','Can view session');
INSERT INTO auth_permission VALUES(25,7,'add_customer','Can add customer');
INSERT INTO auth_permission VALUES(26,7,'change_customer','Can change customer');
INSERT INTO auth_permission VALUES(27,7,'delete_customer','Can delete customer');
INSERT INTO auth_permission VALUES(28,7,'view_customer','Can view customer');
INSERT INTO auth_permission VALUES(29,8,'add_order','Can add order');
INSERT INTO auth_permission VALUES(30,8,'change_order','Can change order');
INSERT INTO auth_permission VALUES(31,8,'delete_order','Can delete order');
INSERT INTO auth_permission VALUES(32,8,'view_order','Can view order');
INSERT INTO auth_permission VALUES(33,9,'add_robot','Can add robot');
INSERT INTO auth_permission VALUES(34,9,'change_robot','Can change robot');
INSERT INTO auth_permission VALUES(35,9,'delete_robot','Can delete robot');
INSERT INTO auth_permission VALUES(36,9,'view_robot','Can view robot');
CREATE TABLE IF NOT EXISTS "auth_user" ("id" integer NOT NULL PRIMARY KEY AUTOINCREMENT, "password" varchar(128) NOT NULL, "last_login" datetime NULL, "is_superuser" bool NOT NULL, "username" varchar(150) NOT NULL UNIQUE, "first_name" varchar(30) NOT NULL, "email" varchar(254) NOT NULL, "is_staff" bool NOT NULL, "is_active" bool NOT NULL, "date_joined" datetime NOT NULL, "last_name" varchar(150) NOT NULL);
INSERT INTO auth_user VALUES(1,'pbkdf2_sha256$180000$gZ60hBlqDsVA$xq75Er2KlNw+yBxWukIOhMRQKjaSvP7N+Fe0Z78nFuw=','2023-10-04 09:21:09.064678',1,'admin','','admin@admin.ru',1,1,'2023-10-04 07:38:28.082996','');
INSERT INTO auth_user VALUES(2,'pbkdf2_sha256$180000$hzV15bP3Vf1a$BOhca57umbjnHgA32NVU4H8T7uSwmt1FQsA3QOtgX1Q=','2023-10-04 09:07:24.456957',1,'director','','',1,1,'2023-10-04 09:06:35','');
CREATE TABLE IF NOT EXISTS "auth_group" ("id" integer NOT NULL PRIMARY KEY AUTOINCREMENT, "name" varchar(150) NOT NULL UNIQUE);
CREATE TABLE IF NOT EXISTS "customers_customer" ("id" integer NOT NULL PRIMARY KEY AUTOINCREMENT, "email" varchar(255) NOT NULL);
INSERT INTO customers_customer VALUES(1,'customer1@mail.ru');
INSERT INTO customers_customer VALUES(2,'customer2@mail.ru');
CREATE TABLE IF NOT EXISTS "orders_order" ("id" integer NOT NULL PRIMARY KEY AUTOINCREMENT, "robot_serial" varchar(5) NOT NULL, "customer_id" integer NOT NULL REFERENCES "customers_customer" ("id") DEFERRABLE INITIALLY DEFERRED);
INSERT INTO orders_order VALUES(1,'R3-D3',1);
INSERT INTO orders_order VALUES(2,'R3-D2',2);
CREATE TABLE IF NOT EXISTS "robots_robot" ("id" integer NOT NULL PRIMARY KEY AUTOINCREMENT, "serial" varchar(5) NOT NULL, "model" varchar(2) NOT NULL, "version" varchar(2) NOT NULL, "created" datetime NOT NULL);
INSERT INTO robots_robot VALUES(1,'R2-D2','R2','D2','2022-12-31 23:59:59');
INSERT INTO robots_robot VALUES(2,'13-XS','13','XS','2023-01-01 00:00:00');
INSERT INTO robots_robot VALUES(3,'X5-LT','X5','LT','2023-01-01 00:00:01');
INSERT INTO robots_robot VALUES(4,'R2-D2','R2','D2','2023-10-01 23:59:59');
INSERT INTO robots_robot VALUES(5,'R2-D2','R2','D2','2023-10-02 23:59:59');
INSERT INTO robots_robot VALUES(6,'X5-LT','X5','LT','2023-10-04 00:00:01');
INSERT INTO robots_robot VALUES(7,'R3-D3','R3','D3','2023-10-02 23:59:59');
CREATE TABLE IF NOT EXISTS "django_session" ("session_key" varchar(40) NOT NULL PRIMARY KEY, "session_data" text NOT NULL, "expire_date" datetime NOT NULL);
INSERT INTO django_session VALUES('h92hbzh7ts8e5wsbq4u30cglpvl2hsle','NzgyMjk3NDY4MTE0MTEyMzljMDg4YWM5MzhiZmRmYWNiNzIxZTgyYzp7Il9hdXRoX3VzZXJfaWQiOiIxIiwiX2F1dGhfdXNlcl9iYWNrZW5kIjoiZGphbmdvLmNvbnRyaWIuYXV0aC5iYWNrZW5kcy5Nb2RlbEJhY2tlbmQiLCJfYXV0aF91c2VyX2hhc2giOiJmMDJkMGZjN2YzNjQ0MWRlMjEzZDNmZTIxMzJjOTM2NTg1ZDdkYmRiIn0=','2023-10-18 09:21:09.131470');
DELETE FROM sqlite_sequence;
INSERT INTO sqlite_sequence VALUES('django_migrations',20);
INSERT INTO sqlite_sequence VALUES('django_admin_log',7);
INSERT INTO sqlite_sequence VALUES('django_content_type',9);
INSERT INTO sqlite_sequence VALUES('auth_permission',36);
INSERT INTO sqlite_sequence VALUES('auth_user',2);
INSERT INTO sqlite_sequence VALUES('auth_group',0);
INSERT INTO sqlite_sequence VALUES('robots_robot',7);
INSERT INTO sqlite_sequence VALUES('auth_user_user_permissions',36);
INSERT INTO sqlite_sequence VALUES('customers_customer',2);
INSERT INTO sqlite_sequence VALUES('orders_order',2);
CREATE UNIQUE INDEX "auth_group_permissions_group_id_permission_id_0cd325b0_uniq" ON "auth_group_permissions" ("group_id", "permission_id");
CREATE INDEX "auth_group_permissions_group_id_b120cbf9" ON "auth_group_permissions" ("group_id");
CREATE INDEX "auth_group_permissions_permission_id_84c5c92e" ON "auth_group_permissions" ("permission_id");
CREATE UNIQUE INDEX "auth_user_groups_user_id_group_id_94350c0c_uniq" ON "auth_user_groups" ("user_id", "group_id");
CREATE INDEX "auth_user_groups_user_id_6a12ed8b" ON "auth_user_groups" ("user_id");
CREATE INDEX "auth_user_groups_group_id_97559544" ON "auth_user_groups" ("group_id");
CREATE UNIQUE INDEX "auth_user_user_permissions_user_id_permission_id_14a6b632_uniq" ON "auth_user_user_permissions" ("user_id", "permission_id");
CREATE INDEX "auth_user_user_permissions_user_id_a95ead1b" ON "auth_user_user_permissions" ("user_id");
CREATE INDEX "auth_user_user_permissions_permission_id_1fbb5f2c" ON "auth_user_user_permissions" ("permission_id");
CREATE INDEX "django_admin_log_content_type_id_c4bce8eb" ON "django_admin_log" ("content_type_id");
CREATE INDEX "django_admin_log_user_id_c564eba6" ON "django_admin_log" ("user_id");
CREATE UNIQUE INDEX "django_content_type_app_label_model_76bd3d3b_uniq" ON "django_content_type" ("app_label", "model");
CREATE UNIQUE INDEX "auth_permission_content_type_id_codename_01ab375a_uniq" ON "auth_permission" ("content_type_id", "codename");
CREATE INDEX "auth_permission_content_type_id_2f476e4b" ON "auth_permission" ("content_type_id");
CREATE INDEX "orders_order_customer_id_0b76f6a4" ON "orders_order" ("customer_id");
CREATE INDEX "django_session_expire_date_a5c62663" ON "django_session" ("expire_date");
COMMIT;
